<?xml version="1.0" encoding="UTF-8"?><rss version="2.0"
	xmlns:content="http://purl.org/rss/1.0/modules/content/"
	xmlns:wfw="http://wellformedweb.org/CommentAPI/"
	xmlns:dc="http://purl.org/dc/elements/1.1/"
	xmlns:atom="http://www.w3.org/2005/Atom"
	xmlns:sy="http://purl.org/rss/1.0/modules/syndication/"
	xmlns:slash="http://purl.org/rss/1.0/modules/slash/"
	>

<channel>
	<title>Curve Ball 3D</title>
	<atom:link href="/feed" rel="self" type="application/rss+xml" />
	<link>/</link>
	<description></description>
	<lastBuildDate>Sun, 27 Oct 2024 16:52:47 +0000</lastBuildDate>
	<language>en-US</language>
	<sy:updatePeriod>
	hourly	</sy:updatePeriod>
	<sy:updateFrequency>
	1	</sy:updateFrequency>
	<generator>https://wordpress.org/?v=6.6.2</generator>
	<item>
		<title>True Love Calculator</title>
		<link>/true-love-calculator.html</link>
					<comments>/true-love-calculator.html#respond</comments>
		
		<dc:creator><![CDATA[admin-pl]]></dc:creator>
		<pubDate>Sat, 26 Oct 2024 15:04:56 +0000</pubDate>
				<category><![CDATA[Puzzle Solvers]]></category>
		<guid isPermaLink="false">https://iotest.com/?p=3441</guid>

					<description><![CDATA[]]></description>
										<content:encoded><![CDATA[]]></content:encoded>
					
					<wfw:commentRss>/true-love-calculator.html/feed</wfw:commentRss>
			<slash:comments>0</slash:comments>
		
		
			</item>
	</channel>
</rss>
